file	codec	pix_fmt	width	height	rotation	duration_s	bit_rate	size_bytes	color_transfer	color_primaries	fps
IMG_0410.MOV	hevc	yuvj420p	1920	1440	-90	29.523333	15456997	57042759	bt709	smpte432	30000/1001
IMG_0803.MOV	hevc	yuvj420p	1440	1080		2.708345	9303446	3149618	bt709	smpte432	239/12
IMG_0841.MOV	hevc	yuvj420p	1440	1080		2.878333	8823815	3174735	bt709	smpte432	600/1
IMG_0842.MOV	hevc	yuvj420p	1440	1080		2.826667	9217912	3256996	bt709	smpte432	199/12
IMG_0848.MOV	hevc	yuvj420p	1440	1080	-90	2.741678	10459915	3584715	bt709	smpte432	600/1
IMG_0857.MOV	hevc	yuvj420p	1440	1080		2.201678	7768024	2137836	bt709	smpte432	30000/1001
IMG_0890.MOV	hevc	yuvj420p	1440	1080	-90	1.793333	6711578	1504512	bt709	smpte432	65/3
IMG_0900.MOV	hevc	yuvj420p	1440	1080	-90	3.170000	6742937	2671889	bt709	smpte432	30000/1001
IMG_0904.MOV	hevc	yuvj420p	1440	1080	-90	1.983333	12486455	3095600	bt709	smpte432	50/3
IMG_0943.MOV	hevc	yuvj420p	1440	1080		3.051667	6756566	2577349	bt709	smpte432	60/1
IMG_0944.MOV	hevc	yuvj420p	1440	1080		2.943333	7135255	2625179	bt709	smpte432	179/6
IMG_0946.MOV	hevc	yuvj420p	1440	1080		2.996667	7186619	2691988	bt709	smpte432	89/3
IMG_0947.MOV	hevc	yuvj420p	1440	1080		2.261678	6699981	1894150	bt709	smpte432	355/12
IMG_0961.MOV	h264	yuvj420p	1440	1080	-90	2.800000	9057100	3169985	bt709	smpte432	30/1
IMG_0962.MOV	h264	yuvj420p	1440	1080	-90	3.200000	9182925	3673170	bt709	smpte432	30/1
IMG_0980.MOV	hevc	yuvj420p	1440	1080	-90	2.135011	6636570	1771144	bt709	smpte432	30000/1001
IMG_0981.MOV	hevc	yuvj420p	1440	1080	-90	1.863333	6857810	1597298	bt709	smpte432	83/3
IMG_0984.MOV	hevc	yuvj420p	1440	1080		1.935011	7583361	1834236	bt709	smpte432	30000/1001
IMG_0987.MOV	hevc	yuvj420p	1440	1080	-90	1.335000	7236949	1207666	bt709	smpte432	30000/1001
IMG_0988.MOV	hevc	yuvj420p	1440	1080	-90	1.901678	6637535	1577807	bt709	smpte432	30000/1001
IMG_0989.MOV	hevc	yuvj420p	1440	1080	-90	2.068345	6616826	1710735	bt709	smpte432	30000/1001
IMG_0990.MOV	hevc	yuvj420p	1440	1080		1.968345	7214536	1775087	bt709	smpte432	30000/1001
IMG_1004.MOV	hevc	yuvj420p	1440	1080	-90	2.518333	7056626	2221367	bt709	smpte432	60000/1001
IMG_1006.MOV	hevc	yuvj420p	1440	1080	-90	2.968345	6758109	2507550	bt709	smpte432	60000/1001
IMG_1007.MOV	hevc	yuvj420p	1440	1080	-90	3.385011	6769634	2864411	bt709	smpte432	60/1
IMG_1009.MOV	hevc	yuvj420p	1440	1080	-90	1.600000	6950095	1390019	bt709	smpte432	60/1
IMG_1010.MOV	hevc	yuvj420p	1440	1080	-90	1.333333	7218421	1203070	bt709	smpte432	60/1
IMG_1013.MOV	hevc	yuvj420p	1440	1080	-90	2.733333	6607338	2257507	bt709	smpte432	60/1
IMG_1014.MOV	hevc	yuvj420p	1440	1080	-90	2.150000	6660279	1789950	bt709	smpte432	60/1
IMG_1016.MOV	hevc	yuvj420p	1440	1080		2.485000	11704743	3635786	bt709	smpte432	50/3
IMG_1017.MOV	hevc	yuvj420p	1440	1080		2.930000	6446023	2360856	bt709	smpte432	600/1
IMG_1018.MOV	hevc	yuv420p10le	1920	1080	-90	16.113333	8697670	17518558	arib-std-b67	bt2020	30000/1001
IMG_1019.MOV	hevc	yuvj420p	1440	1080	-90	2.156667	7046098	1899511	bt709	smpte432	240/1
IMG_1020.MOV	hevc	yuvj420p	1440	1080	-90	2.880000	7265422	2615552	bt709	smpte432	600/1
IMG_1021.MOV	hevc	yuvj420p	1440	1080	-90	2.148345	7032877	1888631	bt709	smpte432	600/1
IMG_1024.MOV	hevc	yuvj420p	1440	1080	-90	1.851667	6900095	1597085	bt709	smpte432	60000/1001
IMG_1025.MOV	hevc	yuvj420p	1440	1080	-90	2.918345	6793390	2478182	bt709	smpte432	60000/1001
IMG_1026.MOV	hevc	yuvj420p	1440	1080	-90	1.168333	7942550	1159943	bt709	smpte432	30000/1001
IMG_1027.MOV	hevc	yuvj420p	1440	1080		1.068333	8763132	1170243	bt709	smpte432	30000/1001
IMG_1052.MOV	hevc	yuvj420p	1440	1080	-90	2.866667	11635558	4169409	bt709	smpte432	15/1
IMG_1062.MOV	hevc	yuvj420p	1440	1080	-90	1.733333	14725576	3190541	bt709	smpte432	15/1
IMG_1063.MOV	hevc	yuvj420p	1440	1080	-90	1.623333	12112556	2457839	bt709	smpte432	50/3
IMG_1064.MOV	hevc	yuvj420p	1440	1080	-90	1.623333	12118583	2459062	bt709	smpte432	50/3
IMG_1065.MOV	hevc	yuvj420p	1440	1080	-180	2.070000	9609615	2486488	bt709	smpte432	120/1
IMG_1068.MOV	hevc	yuvj420p	1440	1080	-90	2.275000	11372209	3233972	bt709	smpte432	600/1
IMG_1069.MOV	hevc	yuvj420p	1440	1080	-90	1.811667	10811227	2448293	bt709	smpte432	600/1
IMG_1072.MOV	hevc	yuvj420p	1440	1080	-90	2.343333	12568723	3681588	bt709	smpte432	50/3
IMG_1073.MOV	hevc	yuvj420p	1440	1080	-90	2.836667	6769206	2400248	bt709	smpte432	30000/1001
IMG_1074.MOV	hevc	yuvj420p	1440	1080	-90	2.735000	7055938	2412249	bt709	smpte432	30000/1001
IMG_1075.MOV	hevc	yuvj420p	1440	1080	-90	2.201678	6732083	1852735	bt709	smpte432	30000/1001
IMG_1076.MOV	hevc	yuvj420p	1440	1080	-90	0.968333	7269234	879880	bt709	smpte432	30/1
IMG_1146.MOV	hevc	yuvj420p	1440	1080	-90	1.216667	6875721	1045683	bt709	smpte432	60/1
IMG_1154.MOV	hevc	yuvj420p	1440	1080	-90	2.848345	6107490	2174530	bt709	smpte432	600/1
IMG_1159.MOV	hevc	yuvj420p	1440	1080		2.586667	10601138	3427702	bt709	smpte432	199/12
IMG_1164.MOV	hevc	yuvj420p	1440	1080		2.943333	9528495	3505692	bt709	smpte432	50/3
IMG_1186.MOV	hevc	yuvj420p	1440	1080	-90	2.400000	8686406	2605922	bt709	smpte432	15/1
IMG_1232.MOV	hevc	yuvj420p	1440	1080	-90	1.200000	6833213	1024982	bt709	smpte432	60/1
IMG_1233.MOV	hevc	yuvj420p	1440	1080	-90	1.200000	6833213	1024982	bt709	smpte432	60/1
IMG_1236.MOV	hevc	yuvj420p	1440	1080	-90	1.691678	11448410	2420878	bt709	smpte432	191/12
IMG_1338.MOV	hevc	yuv420p10le	1920	1080	-90	29.641678	8668792	32119694	arib-std-b67	bt2020	30000/1001
IMG_1568.MP4	hevc	yuv420p	1080	1920	90	6.500000	8185446	6650675	bt709	bt709	30/1
IMG_1585.MOV	hevc	yuvj420p	1440	1080		2.768345	7053415	2440786	bt709	smpte432	30000/1001
IMG_1586.MOV	hevc	yuvj420p	1440	1080		2.870000	7159135	2568340	bt709	smpte432	30000/1001
IMG_1590.MOV	hevc	yuvj420p	1440	1080		3.003333	7497992	2814871	bt709	smpte432	30000/1001
IMG_1591.MOV	hevc	yuvj420p	1440	1080		1.868333	7104797	1659266	bt709	smpte432	30000/1001
IMG_1597.MOV	hevc	yuvj420p	1440	1080		2.001678	7047906	1763455	bt709	smpte432	30000/1001
IMG_1598.MOV	hevc	yuvj420p	1440	1080		2.870000	7452172	2673467	bt709	smpte432	30000/1001
IMG_1599.MOV	hevc	yuvj420p	1440	1080		2.035011	5968801	1518322	bt709	smpte432	30000/1001
IMG_1600.MOV	hevc	yuvj420p	1440	1080		2.801678	7501387	2627059	bt709	smpte432	30000/1001
IMG_1601.MOV	hevc	yuvj420p	1440	1080		2.201678	7531724	2072804	bt709	smpte432	30000/1001
IMG_1602.MOV	hevc	yuvj420p	1440	1080		1.668333	7421961	1547788	bt709	smpte432	30000/1001
IMG_1610.MOV	hevc	yuvj420p	1440	1080	-90	1.635000	7052902	1441437	bt709	smpte432	30000/1001
IMG_1611.MOV	hevc	yuvj420p	1440	1080		1.951667	7480931	1825036	bt709	smpte432	60000/1001
IMG_1612.MOV	hevc	yuvj420p	1440	1080	-90	1.335000	8019631	1338276	bt709	smpte432	30000/1001
IMG_1613.MOV	hevc	yuvj420p	1440	1080		1.768333	7154598	1581464	bt709	smpte432	30000/1001
IMG_1614.MOV	hevc	yuvj420p	1440	1080		1.201667	7095636	1065824	bt709	smpte432	30000/1001
IMG_1615.MOV	hevc	yuvj420p	1440	1080	-90	1.735000	7030579	1524757	bt709	smpte432	30000/1001
IMG_1616.MOV	hevc	yuvj420p	1440	1080		2.085000	6719082	1751161	bt709	smpte432	600/1
IMG_1617.MOV	hevc	yuvj420p	1440	1080		2.168345	7782278	2109333	bt709	smpte432	30000/1001
IMG_1618.MOV	hevc	yuvj420p	1440	1080	-90	0.996667	6303625	785327	bt709	smpte432	121/12
IMG_1620.MOV	hevc	yuvj420p	1440	1080	-90	2.386667	6730245	2007857	bt709	smpte432	83/3
IMG_1621.MOV	hevc	yuvj420p	1440	1080		1.123333	6695232	940122	bt709	smpte432	300/1
IMG_1635.MOV	hevc	yuvj420p	1440	1080		2.301678	6798845	1956094	bt709	smpte432	30000/1001
IMG_1636.MOV	hevc	yuvj420p	1440	1080		2.235011	6986950	1951989	bt709	smpte432	30000/1001
IMG_1637.MOV	hevc	yuvj420p	1440	1080		3.003333	7088628	2661189	bt709	smpte432	30000/1001
IMG_1638.MOV	hevc	yuvj420p	1440	1080		1.835000	7155893	1641383	bt709	smpte432	30000/1001
IMG_1639.MOV	hevc	yuvj420p	1440	1080	-180	2.601678	6822861	2218861	bt709	smpte432	30000/1001
IMG_1641.MOV	hevc	yuvj420p	1440	1080	-90	2.501678	6846198	2140873	bt709	smpte432	30000/1001
IMG_1643.MOV	hevc	yuvj420p	1440	1080	-90	3.070000	6759822	2594082	bt709	smpte432	30000/1001
IMG_1646.MOV	hevc	yuvj420p	1440	1080	-90	2.736667	6960598	2381105	bt709	smpte432	30000/1001
IMG_1647.MOV	hevc	yuvj420p	1440	1080	-90	2.070000	7101457	1837502	bt709	smpte432	30000/1001
IMG_1648.MOV	hevc	yuvj420p	1440	1080		2.936667	7178243	2635014	bt709	smpte432	30000/1001
IMG_1649.MOV	hevc	yuvj420p	1440	1080		3.003333	7032991	2640302	bt709	smpte432	30000/1001
IMG_1650.MOV	hevc	yuvj420p	1440	1080		2.268345	11951293	3388707	bt709	smpte432	30000/1001
IMG_1654.MOV	hevc	yuvj420p	1440	1080		2.970000	7296676	2708891	bt709	smpte432	30000/1001
IMG_1655.MOV	hevc	yuvj420p	1440	1080		3.003333	7473448	2805657	bt709	smpte432	30000/1001
IMG_1656.MOV	hevc	yuvj420p	1440	1080		2.101678	6988728	1836007	bt709	smpte432	30000/1001
IMG_1657.MOV	hevc	yuvj420p	1440	1080	-180	3.003333	6884993	2584741	bt709	smpte432	30000/1001
IMG_1661.MOV	hevc	yuvj420p	1440	1080	-180	3.003333	6927519	2600706	bt709	smpte432	30000/1001
IMG_1662.MOV	hevc	yuvj420p	1440	1080	-180	1.635000	6790434	1387795	bt709	smpte432	30000/1001
IMG_1663.MOV	hevc	yuvj420p	1440	1080	-180	1.835011	6694878	1535647	bt709	smpte432	30000/1001
IMG_1664.MOV	hevc	yuvj420p	1440	1080	-180	2.068345	6747326	1744475	bt709	smpte432	30000/1001
IMG_1665.MOV	hevc	yuvj420p	1440	1080	-180	2.168345	7025524	1904220	bt709	smpte432	30000/1001
IMG_1666.MOV	hevc	yuvj420p	1440	1080		2.035011	7195538	1830375	bt709	smpte432	30000/1001
IMG_1667.MOV	hevc	yuvj420p	1440	1080		2.870000	7241179	2597773	bt709	smpte432	30000/1001
IMG_1668.MOV	hevc	yuvj420p	1440	1080		3.403333	6931999	2948988	bt709	smpte432	30000/1001
IMG_1669.MOV	hevc	yuvj420p	1440	1080		1.035000	7077650	915671	bt709	smpte432	30000/1001
IMG_1670.MOV	hevc	yuvj420p	1440	1080		1.201667	7785165	1169397	bt709	smpte432	30000/1001
IMG_1671.MOV	hevc	yuvj420p	1440	1080		2.068345	6920296	1789195	bt709	smpte432	30000/1001
IMG_1672.MOV	hevc	yuvj420p	1440	1080		2.936667	6871297	2522339	bt709	smpte432	30000/1001
IMG_1673.MOV	hevc	yuvj420p	1440	1080		3.003333	6981430	2620945	bt709	smpte432	30000/1001
IMG_1674.MOV	hevc	yuvj420p	1440	1080		2.201678	6973299	1919120	bt709	smpte432	30000/1001
IMG_1676.MOV	hevc	yuvj420p	1440	1080		2.601678	8007229	2604029	bt709	smpte432	30000/1001
IMG_1677.MOV	hevc	yuvj420p	1440	1080		3.068345	6908951	2649881	bt709	smpte432	30000/1001
IMG_1678.MOV	hevc	yuvj420p	1440	1080		2.668345	6628905	2211026	bt709	smpte432	30000/1001
IMG_1679.MOV	hevc	yuvj420p	1440	1080		1.568333	9482455	1858956	bt709	smpte432	30000/1001
IMG_1680.MOV	hevc	yuvj420p	1440	1080		1.968345	11676997	2873045	bt709	smpte432	30000/1001
IMG_1681.MOV	hevc	yuvj420p	1440	1080		2.135011	7339593	1958764	bt709	smpte432	30000/1001
IMG_1682.MOV	hevc	yuvj420p	1440	1080		1.568333	8184899	1604581	bt709	smpte432	30000/1001
IMG_1683.MOV	hevc	yuvj420p	1440	1080		1.968345	8019943	1973252	bt709	smpte432	30000/1001
IMG_1684.MOV	hevc	yuvj420p	1440	1080		1.935011	7688233	1859602	bt709	smpte432	30000/1001
IMG_1685.MOV	hevc	yuvj420p	1440	1080		3.070000	7362850	2825494	bt709	smpte432	30000/1001
IMG_1686.MOV	hevc	yuvj420p	1440	1080		1.701667	8729778	1856897	bt709	smpte432	30000/1001
IMG_1687.MOV	hevc	yuvj420p	1440	1080		2.970000	7042383	2614485	bt709	smpte432	30000/1001
IMG_1688.MOV	hevc	yuvj420p	1440	1080		1.901667	7539036	1792092	bt709	smpte432	30000/1001
IMG_1689.MOV	hevc	yuvj420p	1440	1080		1.135000	8259080	1171757	bt709	smpte432	30000/1001
IMG_1690.MOV	hevc	yuvj420p	1440	1080		0.933333	7336605	855937	bt709	smpte432	30/1
IMG_1691.MOV	hevc	yuvj420p	1440	1080		1.501667	8237336	1546217	bt709	smpte432	30000/1001
IMG_1692.MOV	hevc	yuvj420p	1440	1080		2.970000	7692234	2855742	bt709	smpte432	30000/1001
IMG_1693.MOV	hevc	yuvj420p	1440	1080		3.003333	7315762	2746459	bt709	smpte432	30000/1001
IMG_1694.MOV	hevc	yuvj420p	1440	1080		3.036667	6857953	2603165	bt709	smpte432	30000/1001
IMG_1695.MOV	hevc	yuvj420p	1440	1080		3.051678	6849571	2612836	bt709	smpte432	60000/1001
IMG_1696.MOV	hevc	yuvj420p	1440	1080		1.616667	7368349	1489021	bt709	smpte432	60/1
IMG_1697.MOV	hevc	yuvj420p	1440	1080		2.535011	7163475	2269936	bt709	smpte432	60000/1001
IMG_1698.MOV	hevc	yuvj420p	1440	1080		1.868345	7081728	1653889	bt709	smpte432	60000/1001
IMG_1699.MOV	hevc	yuvj420p	1440	1080	-90	2.951678	7093632	2617265	bt709	smpte432	60000/1001
IMG_1700.MOV	hevc	yuvj420p	1440	1080	-90	2.918345	8482492	3094355	bt709	smpte432	60000/1001
IMG_1701.MOV	hevc	yuvj420p	1440	1080	-90	2.633333	7529208	2478364	bt709	smpte432	60/1
IMG_1702.MOV	hevc	yuvj420p	1440	1080	-90	3.051678	7305179	2786632	bt709	smpte432	60000/1001
IMG_1703.MOV	hevc	yuvj420p	1440	1080	-90	2.185000	7796576	2129440	bt709	smpte432	60000/1001
IMG_1704.MOV	hevc	yuvj420p	1440	1080	-90	2.818345	7537192	2655301	bt709	smpte432	60000/1001
IMG_1705.MOV	hevc	yuvj420p	1440	1080	-90	2.251667	8709831	2451455	bt709	smpte432	60000/1001
IMG_1707.MOV	hevc	yuvj420p	1440	1080		1.851667	6310184	1460545	bt709	smpte432	60000/1001
IMG_1708.MOV	hevc	yuvj420p	1440	1080		2.401678	6876835	2064493	bt709	smpte432	30000/1001
IMG_1709.MOV	hevc	yuvj420p	1440	1080		3.170000	7035977	2788006	bt709	smpte432	30000/1001
IMG_1710.MOV	hevc	yuvj420p	1440	1080		2.035011	6777378	1724005	bt709	smpte432	30000/1001
IMG_1711.MOV	hevc	yuvj420p	1440	1080		2.118333	6562458	1737684	bt709	smpte432	60000/1001
IMG_1777.MOV	hevc	yuv420p10le	1920	1080	-90	28.768333	15352769	55209197	arib-std-b67	bt2020	30/1
IMG_1794.MP4	h264	yuv420p	384	384		2.666667	172469	57490			30/1
IMG_1842.MOV	hevc	yuvj420p	1440	1080	-90	2.485011	6822508	2119251	bt709	smpte432	600/1
IMG_1843.MOV	hevc	yuvj420p	1440	1080	-90	2.406667	8215903	2471618	bt709	smpte432	600/1
IMG_1844.MOV	hevc	yuvj420p	1440	1080	-90	2.430000	5058534	1536530	bt709	smpte432	600/1
IMG_1845.MOV	hevc	yuvj420p	1440	1080	-90	2.585011	10511958	3396691	bt709	smpte432	15/1
IMG_1846.MOV	hevc	yuvj420p	1440	1080	-90	2.866667	11362410	4071531	bt709	smpte432	15/1
IMG_1847.MOV	hevc	yuvj420p	1440	1080	-90	2.800000	10897185	3814015	bt709	smpte432	15/1
IMG_1848.MOV	hevc	yuvj420p	1440	1080	-90	2.333333	11248352	3280769	bt709	smpte432	15/1
IMG_1849.MOV	hevc	yuvj420p	1440	1080		2.325000	6850549	1990941	bt709	smpte432	600/1
IMG_1850.MOV	hevc	yuvj420p	1440	1080		2.276667	6497287	1849020	bt709	smpte432	600/1
IMG_1851.MOV	hevc	yuvj420p	1440	1080		2.266667	7064886	2001718	bt709	smpte432	600/1
IMG_1852.MOV	hevc	yuvj420p	1440	1080		1.341667	6537389	1096375	bt709	smpte432	600/1
IMG_1853.MOV	hevc	yuvj420p	1440	1080	-90	1.201667	7230721	1086115	bt709	smpte432	30000/1001
IMG_1854.MOV	hevc	yuvj420p	1440	1080	-90	1.501667	7773622	1459174	bt709	smpte432	30000/1001
IMG_1855.MOV	hevc	yuvj420p	1440	1080	-90	1.801667	8052777	1813553	bt709	smpte432	30000/1001
IMG_1857.MOV	hevc	yuvj420p	1440	1080	-90	2.101678	7677031	2016831	bt709	smpte432	30000/1001
IMG_1863.MOV	hevc	yuv420p10le	1920	1080	-90	12.140000	16435771	24941283	arib-std-b67	bt2020	30000/1001
IMG_1864.MOV	hevc	yuvj420p	1440	1080	-90	1.621667	6570808	1331958	bt709	smpte432	600/1
IMG_1865.MOV	hevc	yuvj420p	1440	1080	-90	1.616667	7704077	1556866	bt709	smpte432	60000/1001
IMG_1866.MOV	hevc	yuvj420p	1440	1080	-90	2.885011	7379809	2661354	bt709	smpte432	60000/1001
IMG_1867.MOV	hevc	yuvj420p	1440	1080	-90	2.951667	7139762	2634275	bt709	smpte432	60/1
IMG_1868.MOV	hevc	yuvj420p	1440	1080	-90	2.168345	7529193	2040736	bt709	smpte432	30000/1001
IMG_1869.MOV	hevc	yuvj420p	1440	1080		2.218333	9458374	2622728	bt709	smpte432	60000/1001
IMG_1870.MOV	hevc	yuvj420p	1440	1080	-90	2.456667	6893951	2117018	bt709	smpte432	600/1
IMG_1871.MOV	hevc	yuvj420p	1440	1080	-90	1.468333	7377029	1353992	bt709	smpte432	30000/1001
IMG_1872.MOV	hevc	yuvj420p	1440	1080	-90	1.901667	7530820	1790139	bt709	smpte432	30000/1001
IMG_1873.MOV	hevc	yuvj420p	1440	1080	-90	2.048345	7610522	1948622	bt709	smpte432	60/1
IMG_1876.MOV	hevc	yuv420p10le	1920	1080	-90	77.933333	8692402	84678483	arib-std-b67	bt2020	30000/1001
IMG_1882.MOV	hevc	yuvj420p	1440	1080	-90	2.970000	7364444	2734050	bt709	smpte432	30000/1001
IMG_1883.MOV	hevc	yuvj420p	1440	1080	-90	3.070000	7802840	2994340	bt709	smpte432	30000/1001
IMG_1884.MOV	hevc	yuvj420p	1440	1080	-90	2.268345	8134473	2306474	bt709	smpte432	30000/1001
IMG_1894.MOV	hevc	yuvj420p	1440	1080	-90	1.920000	7077395	1698575	bt709	smpte432	331/12
IMG_1899.MOV	hevc	yuvj420p	1440	1080	-90	2.250000	6768576	1903662	bt709	smpte432	71/4
IMG_1916.MP4	h264	yuvj420p	888	1920		9.116667	11354138	12938987	iec61966-2-1	bt709	60000/1001
IMG_1924.MOV	hevc	yuvj420p	1440	1080		2.301678	7016950	2018845	bt709	smpte432	30000/1001
IMG_1925.MOV	hevc	yuvj420p	1440	1080	-90	2.001678	6992553	1749605	bt709	smpte432	30000/1001
IMG_1926.MOV	hevc	yuvj420p	1440	1080	-90	2.001678	7752331	1939709	bt709	smpte432	30000/1001
IMG_1927.MOV	hevc	yuvj420p	1440	1080	-90	1.668333	7470043	1557815	bt709	smpte432	30000/1001
IMG_1928.MOV	hevc	yuvj420p	1440	1080	-90	3.036667	7252901	2753081	bt709	smpte432	30000/1001
IMG_1929.MOV	hevc	yuvj420p	1440	1080	-90	3.036667	7394143	2806694	bt709	smpte432	30000/1001
IMG_1929.MP4	hevc	yuv420p	1080	1920		33.928333	9080280	38509847	bt709	bt709	30000/1001
IMG_1930.MOV	hevc	yuvj420p	1440	1080	-90	1.935011	7578565	1833076	bt709	smpte432	30000/1001
IMG_1931.MOV	hevc	yuvj420p	1440	1080	-90	1.868333	7179743	1676769	bt709	smpte432	30000/1001
IMG_1932.MOV	hevc	yuvj420p	1440	1080		2.035011	7770882	1976729	bt709	smpte432	30000/1001
IMG_1933.MOV	hevc	yuvj420p	1440	1080	-90	2.235011	7181434	2006323	bt709	smpte432	30000/1001
IMG_1934.MOV	hevc	yuvj420p	1440	1080	-90	2.870000	6772147	2429508	bt709	smpte432	30000/1001
IMG_1935.MOV	hevc	yuvj420p	1440	1080		2.903333	7293104	2646789	bt709	smpte432	30000/1001
IMG_1957.MOV	hevc	yuvj420p	1440	1080	-90	2.385000	7021031	2093145	bt709	smpte432	60000/1001
IMG_1959.MOV	hevc	yuvj420p	1440	1080	-90	2.305000	7466044	2151154	bt709	smpte432	359/12
IMG_1960.MOV	hevc	yuvj420p	1440	1080	-90	2.068345	7515852	1943172	bt709	smpte432	30000/1001
IMG_1961.MOV	hevc	yuvj420p	1440	1080	-90	1.921667	8421238	2022852	bt709	smpte432	331/12
IMG_1962.MOV	hevc	yuvj420p	1440	1080	-90	1.901678	8021050	1906682	bt709	smpte432	30000/1001
IMG_1963.MOV	hevc	yuvj420p	1440	1080	-90	2.301678	7376729	2122357	bt709	smpte432	30000/1001
IMG_1964.MOV	hevc	yuvj420p	1440	1080		2.401678	6784709	2036836	bt709	smpte432	30000/1001
IMG_1965.MOV	hevc	yuvj420p	1440	1080		3.003333	6879900	2582829	bt709	smpte432	30000/1001
IMG_1965__111APPLE.MOV	hevc	yuv420p10le	1920	1080	-90	59.328333	17058140	126503878	arib-std-b67	bt2020	24/1
IMG_1966.MOV	hevc	yuvj420p	1440	1080		1.935011	7358535	1779856	bt709	smpte432	30000/1001
IMG_1967.MOV	hevc	yuvj420p	1440	1080		2.235011	7203035	2012358	bt709	smpte432	30000/1001
IMG_1982.MOV	hevc	yuv420p10le	1920	1080	-90	28.191667	9094161	32047446	arib-std-b67	bt2020	30000/1001
IMG_1983.MOV	hevc	yuv420p10le	1920	1080	-90	318.508345	8728776	347523513	arib-std-b67	bt2020	30000/1001
IMG_2006.MOV	hevc	yuvj420p	1440	1080		1.180000	6795077	1002274	bt709	smpte432	55/1
IMG_2007.MOV	hevc	yuvj420p	1440	1080	-90	1.915000	6415097	1535614	bt709	smpte432	60/1
IMG_2015.MOV	hevc	yuvj420p	1440	1080		2.086667	7551372	1969650	bt709	smpte432	600/1
IMG_2016.MOV	hevc	yuvj420p	1440	1080	-90	1.753333	7179231	1573448	bt709	smpte432	199/12
IMG_2017.MOV	hevc	yuvj420p	1440	1080	90	2.500000	5697996	1780624	bt709	smpte432	331/12
IMG_2023.MOV	hevc	yuvj420p	1440	1080	-90	2.268345	7294449	2068291	bt709	smpte432	30000/1001
IMG_2024.MOV	hevc	yuvj420p	1440	1080		1.801667	7053467	1588500	bt709	smpte432	30000/1001
IMG_2025.MOV	hevc	yuvj420p	1440	1080		2.468345	7464292	2303056	bt709	smpte432	30000/1001
IMG_2028.MOV	hevc	yuvj420p	1440	1080	-90	2.768345	7267154	2514749	bt709	smpte432	30000/1001
IMG_2029.MOV	hevc	yuvj420p	1440	1080	-90	3.003333	7102410	2666363	bt709	smpte432	30000/1001
IMG_2030.MOV	hevc	yuvj420p	1440	1080	-90	3.003333	7110367	2669350	bt709	smpte432	30000/1001
IMG_2031.MOV	hevc	yuvj420p	1440	1080	-90	1.935011	7775529	1880717	bt709	smpte432	30000/1001
IMG_2032.MOV	hevc	yuvj420p	1440	1080	-90	2.903333	7330906	2660508	bt709	smpte432	30000/1001
IMG_2033.MOV	hevc	yuvj420p	1440	1080	-90	3.336667	6438297	2685307	bt709	smpte432	30000/1001
IMG_2034.MOV	hevc	yuvj420p	1440	1080		1.468333	7795561	1430810	bt709	smpte432	30000/1001
IMG_2045.MOV	hevc	yuvj420p	1440	1080		2.870000	6791364	2436402	bt709	smpte432	30000/1001
IMG_2046.MOV	hevc	yuvj420p	1440	1080		2.835011	7039910	2494778	bt709	smpte432	30000/1001
IMG_2047.MOV	hevc	yuvj420p	1440	1080		1.401667	6956214	1218787	bt709	smpte432	30000/1001
IMG_2048.MOV	hevc	yuvj420p	1440	1080		1.035000	6846307	885741	bt709	smpte432	30000/1001
IMG_2068.MP4	h264	yuvj420p	888	1920		10.175000	15255760	19403421	iec61966-2-1	bt709	60000/1001
IMG_2078.MOV	hevc	yuv420p10le	1920	1080	-90	57.550000	9156677	65870847	arib-std-b67	bt2020	30000/1001
IMG_2085.MOV	hevc	yuv420p10le	1920	1080	-90	11.671678	17017944	24828496	arib-std-b67	bt2020	30000/1001
IMG_2086.MOV	hevc	yuv420p10le	1920	1080	-90	23.015011	16964050	48803475	arib-std-b67	bt2020	30000/1001
IMG_2087.MOV	hevc	yuv420p10le	1920	1080	-90	45.533333	16093071	91596399	arib-std-b67	bt2020	30000/1001
IMG_2150.MP4	hevc	yuv420p	1080	1920		22.551667	10226118	28827003	bt709	bt709	30000/1001
IMG_2151.MP4	hevc	yuv420p	1080	1920		7.540000	10775867	10156255	bt709	bt709	30000/1001
IMG_2152.MP4	hevc	yuv420p	1080	1920		88.545238	10606738	117397023	bt709	bt709	30000/1001
IMG_2153.MOV	hevc	yuv420p10le	1920	1080	-90	31.961667	9731753	38880385	arib-std-b67	bt2020	30000/1001
IMG_2156.MP4	hevc	yuv420p	1080	1920		83.310794	13497657	140562568	bt709	bt709	60/1
IMG_2160.MOV	hevc	yuv420p10le	1920	1080	-90	55.448333	8873741	61504269	arib-std-b67	bt2020	30000/1001
IMG_2164.MOV	hevc	yuv420p10le	1920	1080	-90	7.666700	13961200	13379542	arib-std-b67	bt2020	30/1
IMG_2165.MOV	hevc	yuv420p10le	1920	1080	-90	46.273333	13659413	79008323	arib-std-b67	bt2020	30000/1001
IMG_2200.MOV	hevc	yuv420p10le	1920	1080	-90	7.633333	17344407	16549455	arib-std-b67	bt2020	30/1
IMG_2201.MOV	hevc	yuv420p10le	1920	1080	-90	39.500000	10737753	53017658	arib-std-b67	bt2020	30000/1001
IMG_2210.MP4	hevc	yuvj420p	888	1920		39.555000	14594904	72162680	iec61966-2-1	bt709	60000/1001
IMG_2211.MOV	hevc	yuv420p10le	1920	1080		17.415000	8774426	19100829	arib-std-b67	bt2020	30000/1001
IMG_2212.MOV	hevc	yuv420p10le	1920	1080		18.081700	8734196	19741141	arib-std-b67	bt2020	30000/1001
IMG_2224.MOV	hevc	yuv420p10le	1920	1080		20.783333	8766976	22775875	arib-std-b67	bt2020	30000/1001
IMG_2225.MOV	hevc	yuv420p10le	1920	1080		16.046667	8776677	17604553	arib-std-b67	bt2020	30000/1001
IMG_2232.MOV	hevc	yuvj420p	1440	1080		2.936667	6724409	2468419	bt709	smpte432	30000/1001
IMG_2233.MOV	hevc	yuvj420p	1440	1080		2.936667	6842565	2511792	bt709	smpte432	30000/1001
IMG_2234.MOV	hevc	yuvj420p	1440	1080		3.035011	6757534	2563649	bt709	smpte432	30000/1001
IMG_2235.MOV	hevc	yuvj420p	1440	1080		3.036667	6843674	2597745	bt709	smpte432	30000/1001
IMG_2236.MOV	hevc	yuvj420p	1440	1080		3.036667	6845805	2598554	bt709	smpte432	30000/1001
IMG_2237.MOV	hevc	yuvj420p	1440	1080		3.036667	6811196	2585417	bt709	smpte432	30000/1001
IMG_2244.MOV	hevc	yuvj420p	1440	1080		3.003333	6702945	2516397	bt709	smpte432	30000/1001
IMG_2302.MOV	hevc	yuv420p10le	1920	1080	-90	8.500000	16203795	17216533	arib-std-b67	bt2020	30/1
IMG_2303.MOV	hevc	yuvj420p	1440	1080	-180	1.968345	6868462	1689938	bt709	smpte432	30000/1001
IMG_2303__112APPLE.MOV	hevc	yuv420p10le	1920	1080	-90	58.050000	10263452	74474179	arib-std-b67	bt2020	30000/1001
IMG_2304.MOV	hevc	yuv420p10le	1920	1080	-90	32.293333	9829861	39679875	arib-std-b67	bt2020	30000/1001
IMG_2324.MOV	hevc	yuvj420p	1440	1080		1.635000	7326507	1497355	bt709	smpte432	30000/1001
IMG_2329.MP4	hevc	yuv420p	1080	1920		61.799547	7872137	60811815	bt709	bt709	30000/1001
IMG_2337.MOV	hevc	yuvj420p	1440	1080		2.903333	7023238	2548850	bt709	smpte432	30000/1001
IMG_2341.MOV	hevc	yuvj420p	1440	1080	-180	3.070000	6872919	2637483	bt709	smpte432	30000/1001
IMG_2369.MOV	hevc	yuv420p10le	1920	1080	-90	75.498345	8644941	81584843	arib-std-b67	bt2020	30000/1001
IMG_2370.MOV	hevc	yuv420p10le	1920	1080	-90	15.378345	8655273	16637973	arib-std-b67	bt2020	30000/1001
IMG_2402.MOV	hevc	yuvj420p	1440	1080	-90	2.210000	7818562	2159878	bt709	smpte432	293/12
IMG_2404.MOV	hevc	yuvj420p	1440	1080	-90	2.051667	7023693	1801285	bt709	smpte432	60000/1001
IMG_2412.MOV	hevc	yuvj420p	1440	1080		3.003333	10953449	4112107	bt709	smpte432	50/3
IMG_2413.MOV	hevc	yuvj420p	1440	1080		2.403333	11101572	3335097	bt709	smpte432	50/3
IMG_2420.MOV	hevc	yuvj420p	1440	1080	-90	2.645011	6953023	2298853	bt709	smpte432	331/12
IMG_2421.MOV	hevc	yuvj420p	1440	1080	-90	2.755000	6886780	2371635	bt709	smpte432	331/12
IMG_2423.MOV	hevc	yuvj420p	1440	1080	-180	2.920000	7664169	2797422	bt709	smpte432	107/6
IMG_2424.MOV	hevc	yuvj420p	1440	1080	-180	2.360000	8143515	2402337	bt709	smpte432	107/6
IMG_2425.MOV	hevc	yuvj420p	1440	1080	-90	1.996667	6426301	1603898	bt709	smpte432	30/1
IMG_2426.MOV	hevc	yuv420p10le	1920	1080	-90	32.428333	9386840	38049949	arib-std-b67	bt2020	30000/1001
IMG_2427.MOV	hevc	yuvj420p	1440	1080	-90	2.051667	6889359	1766834	bt709	smpte432	60000/1001
IMG_2427__112APPLE.MOV	hevc	yuv420p10le	1920	1080	-90	27.956700	8834256	30872084	arib-std-b67	bt2020	30000/1001
IMG_2428.MOV	hevc	yuvj420p	1440	1080	-90	1.986667	7351367	1825590	bt709	smpte432	111/4
IMG_2428__112APPLE.MOV	hevc	yuv420p10le	1920	1080	-90	29.491700	9435810	34784761	arib-std-b67	bt2020	30000/1001
IMG_2429.MOV	hevc	yuvj420p	1440	1080		3.028333	6693892	2533917	bt709	smpte432	331/12
IMG_2430.MOV	hevc	yuvj420p	1440	1080		2.340000	6985217	2043176	bt709	smpte432	55/1
IMG_2431.MOV	hevc	yuvj420p	1440	1080		1.371667	6849575	1174417	bt709	smpte432	83/3
IMG_2433.MOV	hevc	yuvj420p	1440	1080	-90	2.205000	6725797	1853798	bt709	smpte432	83/3
IMG_2437.MOV	hevc	yuvj420p	1440	1080	-90	2.093333	5567110	1456727	bt709	smpte432	600/1
IMG_2438.MOV	hevc	yuvj420p	1440	1080		1.903333	6117559	1455469	bt709	smpte432	600/1
IMG_2442.MOV	hevc	yuvj420p	1440	1080	-90	1.960000	6866012	1682173	bt709	smpte432	150/1
IMG_2445.MOV	hevc	yuvj420p	1440	1080	-90	2.050000	6777475	1736728	bt709	smpte432	55/1
IMG_2446.MOV	hevc	yuvj420p	1440	1080	-180	2.870000	6762411	2426015	bt709	smpte432	30000/1001
IMG_2447.MOV	hevc	yuvj420p	1440	1080	-180	2.603333	6917501	2251070	bt709	smpte432	30000/1001
IMG_2457.MOV	hevc	yuvj420p	1440	1080	-90	2.066667	7117094	1838583	bt709	smpte432	600/1
IMG_2459.MOV	hevc	yuvj420p	1440	1080	-90	2.371667	6476457	1920000	bt709	smpte432	600/1
IMG_2475.MOV	hevc	yuv420p10le	1920	1080	-90	16.066700	15406440	30941332	arib-std-b67	bt2020	30/1
IMG_2476.MOV	hevc	yuv420p10le	1920	1080	-90	50.308345	8969422	56404601	arib-std-b67	bt2020	30000/1001
IMG_2507.MOV	hevc	yuv420p10le	1920	1080	-90	29.125011	8808396	32068079	arib-std-b67	bt2020	30000/1001
IMG_2511.MOV	hevc	yuvj420p	1440	1080	-90	3.110000	7075449	2750581	bt709	smpte432	239/12
IMG_2552.MOV	hevc	yuv420p10le	1920	1080	-90	12.810000	8914964	14275087	arib-std-b67	bt2020	30000/1001
IMG_2555.MOV	hevc	yuv420p10le	1920	1080	-90	5.271667	9937416	6548344	arib-std-b67	bt2020	30000/1001
IMG_2646.MP4	hevc	yuv420p	1080	1920		0.933333	7567099	882828	bt709	bt709	30/1
IMG_2667.MOV	hevc	yuv420p10le	1920	1080	-90	65.270000	15328712	125063136	arib-std-b67	bt2020	30/1
IMG_2668.MOV	hevc	yuv420p10le	1920	1080	-180	68.403333	14679134	125512714	arib-std-b67	bt2020	30/1
IMG_2757.MP4	hevc	yuvj420p	888	1920		7.773673	9164411	8905142	iec61966-2-1	bt709	60000/1001
IMG_2780.MOV	hevc	yuv420p10le	1920	1080	-90	5.805000	8843244	6416879	arib-std-b67	bt2020	30000/1001
IMG_2781.MOV	hevc	yuv420p10le	1920	1080	-90	3.836667	12001122	5755539	arib-std-b67	bt2020	30000/1001
IMG_2782.MOV	hevc	yuv420p10le	1920	1080	-90	9.841667	10904783	13415156	arib-std-b67	bt2020	30000/1001
IMG_2783.MOV	hevc	yuv420p10le	1920	1080	-90	176.041700	15882081	349488569	arib-std-b67	bt2020	30/1
IMG_2784.MOV	hevc	yuv420p10le	1920	1080	-90	3.970000	9665960	4796733	arib-std-b67	bt2020	30000/1001
IMG_2785.MOV	hevc	yuv420p10le	1920	1080	-90	2.801700	8763168	3068971	arib-std-b67	bt2020	30000/1001
IMG_2786.MOV	hevc	yuv420p10le	1920	1080	-90	1.800000	8475088	1906895	arib-std-b67	bt2020	30000/1001
IMG_2800.MP4	hevc	yuvj420p	888	1920		8.159547	14042836	14322898	iec61966-2-1	bt709	60000/1001
IMG_2849.MOV	hevc	yuv420p10le	1920	1080	-90	107.186700	12670670	169765926	arib-std-b67	bt2020	30000/1001
IMG_2865.MOV	hevc	yuv420p10le	1920	1080	-90	14.645000	8946932	16378478	arib-std-b67	bt2020	30000/1001
IMG_2901.MOV	hevc	yuvj420p	1440	1080	-90	2.068345	7193066	1859718	bt709	smpte432	30000/1001
IMG_2902.MOV	hevc	yuvj420p	1440	1080	-90	2.970000	6720762	2495083	bt709	smpte432	30000/1001
IMG_2903.MOV	hevc	yuvj420p	1440	1080	-90	2.701678	6763911	2284239	bt709	smpte432	30000/1001
IMG_2905.MOV	hevc	yuvj420p	1440	1080	-90	2.996667	6517019	2441167	bt709	smpte432	30/1
IMG_2910.MOV	hevc	yuvj420p	1440	1080	-90	1.988345	6603155	1641169	bt709	smpte432	259/12
IMG_2920.MOV	hevc	yuvj420p	1440	1080	-90	1.993333	7171293	1786847	bt709	smpte432	331/12
IMG_2959.MOV	hevc	yuvj420p	1440	1080	-90	1.801667	6497449	1463280	bt709	smpte432	30000/1001
IMG_2961.MOV	hevc	yuvj420p	1440	1080	-90	2.633333	6691261	2202540	bt709	smpte432	73/3
IMG_2984.MOV	h264	yuv420p	640	480	-90	2.436644	1095743	333742	bt709	bt709	179/6
IMG_3016.MOV	hevc	yuvj420p	1440	1080		2.268345	6831796	1937109	bt709	smpte432	30000/1001
IMG_3017.MOV	hevc	yuvj420p	1440	1080		2.001678	6795054	1700189	bt709	smpte432	30000/1001
IMG_3019.MOV	hevc	yuvj420p	1440	1080	-90	2.151667	6647184	1787816	bt709	smpte432	53/3
IMG_3022.MOV	hevc	yuvj420p	1440	1080	-90	2.101678	7004779	1840224	bt709	smpte432	30000/1001
IMG_3048.MOV	hevc	yuv420p10le	1920	1080	-180	29.090000	10366706	37695937	arib-std-b67	bt2020	30000/1001
IMG_3079.MOV	hevc	yuv420p10le	1920	1080		6.601667	16330962	13476447	arib-std-b67	bt2020	30000/1001
IMG_3095.MOV	hevc	yuvj420p	1440	1080		2.951678	6788588	2504716	bt709	smpte432	60000/1001
IMG_3096.MOV	hevc	yuvj420p	1440	1080		2.936667	7055694	2590028	bt709	smpte432	30000/1001
IMG_3102.MOV	hevc	yuvj420p	1440	1080	-90	2.700000	6710521	2264801	bt709	smpte432	71/4
IMG_3103.MOV	hevc	yuvj420p	1440	1080	-90	2.980000	6637583	2472500	bt709	smpte432	71/4
IMG_3104.MOV	hevc	yuvj420p	1440	1080	-90	2.586667	6698263	2165772	bt709	smpte432	71/4
IMG_3105.MOV	hevc	yuvj420p	1440	1080	-90	3.040000	6811178	2588248	bt709	smpte432	87/4
IMG_3106.MOV	hevc	yuvj420p	1440	1080	-90	1.933333	6618377	1599441	bt709	smpte432	65/3
IMG_3107.MOV	hevc	yuvj420p	1440	1080	-90	1.886667	6632025	1564053	bt709	smpte432	87/4
IMG_3122.MP4	hevc	yuvj420p	1320	2868		32.861248	13849265	56888017	bt709	bt709	60/1
IMG_3160.MOV	hevc	yuvj420p	1440	1080	-90	2.053333	6860210	1760787	bt709	smpte432	60000/1001
IMG_3163.MP4	hevc	yuvj420p	1320	2868		22.644286	14646946	41458705	bt709	bt709	60/1
IMG_3166.MOV	hevc	yuvj420p	1440	1080	-90	2.530000	6813261	2154694	bt709	smpte432	71/4
IMG_3173.MOV	hevc	yuvj420p	1440	1080	-90	2.066667	6896673	1781641	bt709	smpte432	55/2
IMG_3177.MOV	hevc	yuvj420p	1440	1080	-180	1.818333	6763619	1537314	bt709	smpte432	60000/1001
IMG_3178.MOV	hevc	yuvj420p	1440	1080	-90	3.001678	6765359	2538429	bt709	smpte432	60000/1001
IMG_3180.MOV	hevc	yuvj420p	1440	1080	-90	2.918345	6949799	2535239	bt709	smpte432	60000/1001
IMG_3181.MOV	hevc	yuvj420p	1440	1080	-90	3.051678	6725627	2565556	bt709	smpte432	60000/1001
IMG_3184.MOV	hevc	yuvj420p	1440	1080	-90	2.216667	6773542	1876836	bt709	smpte432	60/1
IMG_3200.MOV	hevc	yuvj420p	1440	1080	-90	2.920000	6616109	2414880	bt709	smpte432	85/4
IMG_3203.MOV	hevc	yuvj420p	1440	1080	-90	2.256667	6956255	1962244	bt709	smpte432	64/3
IMG_3233.MOV	hevc	yuvj420p	1440	1080	-90	2.176667	6771718	1842472	bt709	smpte432	81/4
IMG_3241.MOV	hevc	yuvj420p	1440	1080	-90	1.416667	6601387	1168996	bt709	smpte432	60/1
IMG_3242.MOV	hevc	yuvj420p	1440	1080	-90	1.881667	6695628	1574868	bt709	smpte432	119/4
IMG_3243.MOV	hevc	yuvj420p	1440	1080	-90	2.318333	6692253	1939359	bt709	smpte432	60000/1001
IMG_3247.MOV	hevc	yuvj420p	1440	1080	-90	2.060000	6888998	1773917	bt709	smpte432	30/1
IMG_3259.MP4	hevc	yuvj420p	1320	2868		60.531905	14909078	112809367	bt709	bt709	60/1
IMG_3274.MOV	hevc	yuv420p10le	1920	1080	-90	133.870000	9192340	153822328	arib-std-b67	bt2020	30/1
IMG_3277.MOV	hevc	yuvj420p	1440	1080	-90	3.061678	6853818	2623023	bt709	smpte432	30/1
IMG_3324.MP4	hevc	yuvj420p	1320	2868		1.071667	13525007	1811788	bt709	bt709	60/1
IMG_3348.MOV	hevc	yuvj420p	1440	1080	-90	2.868333	7110122	2549275	bt709	smpte432	71/4
IMG_3350.MOV	hevc	yuv420p10le	1080	1920		37.875000	16108821	76265200	arib-std-b67	bt2020	30/1
IMG_3357.MOV	hevc	yuv420p10le	1080	1920		28.905000	9280752	33532520	arib-std-b67	bt2020	30/1
IMG_3358.MP4	hevc	yuv420p	1080	1920		42.510000	13762639	73131223	bt709	bt709	30/1
IMG_3414.MOV	hevc	yuvj420p	1440	1080		1.936667	6564725	1589211	bt709	smpte432	359/12
IMG_3435.MOV	hevc	yuvj420p	1440	1080	-90	2.163333	11224871	3035392	bt709	smpte432	50/3
IMG_3445.MOV	hevc	yuvj420p	1440	1080	-90	1.916667	6720929	1610223	bt709	smpte432	83/3
IMG_3458.MOV	hevc	yuvj420p	1440	1080	-90	3.045000	6844038	2605012	bt709	smpte432	331/12
IMG_3479.MOV	hevc	yuvj420p	1440	1080	-90	2.693333	7833651	2637329	bt709	smpte432	600/1
IMG_3494.MOV	hevc	yuvj420p	1440	1080	-90	1.951667	7142083	1742371	bt709	smpte432	60000/1001
IMG_3502.MOV	hevc	yuvj420p	1440	1080	-90	2.265000	8115486	2297697	bt709	smpte432	323/12
IMG_3537.MOV	hevc	yuvj420p	1440	1080	-90	1.798345	6458391	1451802	bt709	smpte432	55/1
IMG_3605.MOV	hevc	yuvj420p	1440	1080	-90	1.935011	7369690	1782554	bt709	smpte432	60000/1001
IMG_3637.MOV	hevc	yuvj420p	1440	1080	-90	2.965011	6623427	2454817	bt709	smpte432	600/1
IMG_3638.MOV	hevc	yuvj420p	1440	1080	-90	2.890000	6654530	2403949	bt709	smpte432	87/4
IMG_3639.MOV	hevc	yuvj420p	1440	1080	-90	2.988345	6905159	2579375	bt709	smpte432	87/4
IMG_3640.MOV	hevc	yuvj420p	1440	1080	-90	1.851667	7308381	1691586	bt709	smpte432	60000/1001
IMG_3641.MOV	hevc	yuvj420p	1440	1080		3.070000	6705274	2573149	bt709	smpte432	30000/1001
IMG_3642.MOV	hevc	yuvj420p	1440	1080		1.801667	6957760	1566946	bt709	smpte432	30000/1001
IMG_3710.MOV	hevc	yuvj420p	1440	1080	-90	2.000000	7018592	1754648	bt709	smpte432	600/1
IMG_3711.MOV	hevc	yuvj420p	1440	1080		2.883333	10926546	3938109	bt709	smpte432	50/3
IMG_3712.MOV	hevc	yuvj420p	1440	1080		3.425011	11224886	4805670	bt709	smpte432	50/3
IMG_3713.MOV	hevc	yuvj420p	1440	1080		2.223333	11309215	3143019	bt709	smpte432	50/3
IMG_3714.MOV	hevc	yuvj420p	1440	1080		1.983333	11029530	2734404	bt709	smpte432	50/3
IMG_3719.MOV	hevc	yuvj420p	1440	1080	-90	1.168333	5723827	835917	bt709	smpte432	30000/1001
IMG_3723.MOV	hevc	yuvj420p	1440	1080	-90	1.935011	6823386	1650416	bt709	smpte432	30000/1001
IMG_3724.MOV	hevc	yuvj420p	1440	1080	-90	2.468345	6443472	1988089	bt709	smpte432	30000/1001
IMG_3725.MOV	hevc	yuvj420p	1440	1080	-90	2.903333	6857770	2488799	bt709	smpte432	30000/1001
IMG_3726.MOV	hevc	yuvj420p	1440	1080	-90	1.935000	7081612	1712865	bt709	smpte432	30000/1001
IMG_3727.MOV	hevc	yuvj420p	1440	1080		1.965011	7375156	1811533	bt709	smpte432	269/12
IMG_3728.MOV	hevc	yuvj420p	1440	1080		2.181678	8203828	2237264	bt709	smpte432	41/2
IMG_3734.MOV	hevc	yuvj420p	1440	1080	-90	1.733333	6530198	1414876	bt709	smpte432	15/1
IMG_3735.MOV	hevc	yuvj420p	1440	1080	-90	3.333333	7279071	3032946	bt709	smpte432	15/1
IMG_3736.MOV	hevc	yuvj420p	1440	1080	-90	3.133333	8363998	3275899	bt709	smpte432	15/1
IMG_3737.MOV	hevc	yuvj420p	1440	1080	-90	2.445011	7768855	2374367	bt709	smpte432	240/1
IMG_3740.MOV	hevc	yuvj420p	1440	1080	-90	3.000000	7996757	2998784	bt709	smpte432	15/1
IMG_3741.MOV	hevc	yuvj420p	1440	1080	-90	3.000000	8309402	3116026	bt709	smpte432	15/1
IMG_3742.MOV	hevc	yuvj420p	1440	1080	-90	2.533333	8376354	2652512	bt709	smpte432	15/1
IMG_3743.MOV	hevc	yuvj420p	1440	1080	-90	1.800000	8550853	1923942	bt709	smpte432	15/1
IMG_3744.MOV	hevc	yuvj420p	1440	1080	-90	2.401678	6733965	2021602	bt709	smpte432	30000/1001
IMG_3748.MOV	hevc	yuvj420p	1440	1080	-90	2.923333	6790367	2481313	bt709	smpte432	30000/1001
IMG_3749.MOV	hevc	yuvj420p	1440	1080	-90	2.988345	6824890	2549391	bt709	smpte432	60000/1001
IMG_3766.MOV	hevc	yuvj420p	1440	1080	-180	2.066667	11089438	2864772	bt709	smpte432	15/1
IMG_3767.MOV	hevc	yuvj420p	1440	1080	-90	1.701667	6948974	1478105	bt709	smpte432	30000/1001
IMG_3769.MOV	hevc	yuvj420p	1440	1080	-90	1.805011	7003635	1580205	bt709	smpte432	239/12
IMG_3780.MOV	hevc	yuvj420p	1440	1080	-90	3.040000	6540600	2485428	bt709	smpte432	600/1
IMG_3781.MOV	hevc	yuvj420p	1440	1080	-90	2.311678	6722230	1942454	bt709	smpte432	259/12
IMG_3782.MOV	hevc	yuvj420p	1440	1080	-90	2.250000	6610599	1859231	bt709	smpte432	71/4
IMG_3784.MOV	hevc	yuvj420p	1440	1080	-90	3.068345	6350832	2435818	bt709	smpte432	71/4
IMG_3785.MOV	hevc	yuvj420p	1440	1080	-90	2.248345	7181581	2018334	bt709	smpte432	299/12
IMG_3786.MOV	hevc	yuvj420p	1440	1080	-90	2.360000	6566142	1937012	bt709	smpte432	331/12
IMG_3787.MOV	hevc	yuvj420p	1440	1080	-90	2.030000	6163404	1563964	bt709	smpte432	121/6
IMG_3794.MOV	hevc	yuvj420p	1440	1080	-90	2.923333	6834557	2497461	bt709	smpte432	30000/1001
IMG_3799.MOV	hevc	yuvj420p	1440	1080		2.068345	7548841	1951701	bt709	smpte432	30000/1001
IMG_4626.MOV	hevc	yuvj420p	1920	1440	-90	2.685011	11158071	3744943	bt709	smpte432	60000/1001
IMG_4627.MOV	hevc	yuvj420p	1920	1440	-90	2.018333	11508602	2903524	bt709	smpte432	60000/1001
IMG_4629.MOV	hevc	yuvj420p	1920	1440	-90	1.985000	11175991	2773043	bt709	smpte432	60000/1001
IMG_4638.MOV	hevc	yuvj420p	1920	1440	-180	2.893333	10962797	3964878	bt709	smpte432	30000/1001
IMG_4639.MOV	hevc	yuvj420p	1920	1440	-180	1.860000	11383290	2646615	bt709	smpte432	600/1
IMG_4640.MOV	hevc	yuvj420p	1920	1440	-90	1.341667	11158369	1871352	bt709	smpte432	341/12
IMG_4655.MOV	hevc	yuvj420p	1920	1440	-90	1.868333	10587744	2472679	bt709	smpte432	30000/1001
IMG_4656.MOV	hevc	yuvj420p	1920	1440	-90	2.861667	10677502	3819432	bt709	smpte432	30/1
IMG_4657.MOV	hevc	yuvj420p	1920	1440	-90	2.368333	10239164	3031219	bt709	smpte432	30000/1001
IMG_4662.MOV	hevc	yuvj420p	1920	1440	-90	2.405011	11217615	3372311	bt709	smpte432	600/1
IMG_4663.MOV	hevc	yuvj420p	1920	1440	-180	2.856667	11667594	4166304	bt709	smpte432	83/3
IMG_4664.MOV	hevc	yuvj420p	1920	1440	-180	2.930000	10546776	3862757	bt709	smpte432	83/3
IMG_4665.MOV	hevc	yuvj420p	1920	1440	-180	2.133333	10156467	2708391	bt709	smpte432	83/3
IMG_4666.MOV	hevc	yuvj420p	1920	1440	-90	2.030000	12258616	3110624	bt709	smpte432	331/12
IMG_4671.MOV	hevc	yuvj420p	1920	1440	-90	2.471678	11673462	3606630	bt709	smpte432	600/1
IMG_4682.MOV	hevc	yuvj420p	1920	1440	-90	1.955011	16711889	4083991	bt709	smpte432	191/12
IMG_4685.MOV	hevc	yuvj420p	1920	1440	-90	2.403333	16462184	4945514	bt709	smpte432	50/3
IMG_4686.MOV	hevc	yuvj420p	1920	1440	-90	1.968345	11226186	2762126	bt709	smpte432	71/4
IMG_4687.MOV	hevc	yuvj420p	1920	1440		2.223333	16640666	4624718	bt709	smpte432	50/3
IMG_4749.MOV	h264	yuv420p	1080	1080		20.300000	13042906	33096375	bt709	bt709	30/1
IMG_4978.MP4	hevc	yuv420p	360	480		8.966667	216914	243125			30/1
IMG_5028.MP4	h264	yuv420p	1920	1080		10.327178	17291600	22321679	bt709	bt709	30/1
IMG_5046.MP4	hevc	yuv420p	460	574		43.489002	364188	1979775			30/1
IMG_5275.MP4	h264	yuv420p	480	848		4.852971	1856175	1125996	bt709	bt709	30/1
IMG_5276.MP4	h264	yuv420p	480	848		6.000000	1770542	1327907	bt709	bt709	20/1
IMG_5290.MOV	hevc	yuv420p	1920	1080	-90	43.763333	9490001	51914261	bt709	bt709	30000/1001
IMG_5291.MOV	hevc	yuv420p	1920	1080	-90	19.116667	8332023	19910065	bt709	bt709	30000/1001
IMG_5293.MOV	hevc	yuv420p	1920	1080	-90	13.010000	9091987	14785844	bt709	bt709	30000/1001
IMG_5294.MOV	hevc	yuv420p	1920	1080	-90	13.945000	12023041	20957665	bt709	bt709	30000/1001
IMG_5296.MOV	hevc	yuv420p	1920	1080	-90	38.500000	8894969	42807040	bt709	bt709	30000/1001
IMG_5303.MP4	hevc	yuv420p	1080	1920		71.281812	9074267	80853775	bt709	bt709	30000/1001
IMG_5487.MOV	hevc	yuvj420p	1920	1440	-90	2.146667	18985372	5094409	bt709	smpte432	65/4
IMG_5490.MOV	hevc	yuvj420p	1920	1440	-90	2.825011	11618585	4102829	bt709	smpte432	331/12
IMG_5497.MOV	hevc	yuvj420p	1920	1440	-90	2.716667	11733990	3984668	bt709	smpte432	331/12
IMG_5694.MOV	hevc	yuvj420p	1920	1440	-90	2.335000	10445707	3048841	bt709	smpte432	30000/1001
IMG_5745.MOV	hevc	yuvj420p	1920	1440	-90	2.435000	12591894	3832658	bt709	smpte432	30000/1001
IMG_5847.MOV	hevc	yuvj420p	1920	1440		2.101678	10755276	2825516	bt709	smpte432	30000/1001
IMG_5848.MOV	hevc	yuvj420p	1920	1440		2.066667	11850950	3061496	bt709	smpte432	30000/1001
IMG_5855.MOV	hevc	yuvj420p	1920	1440	-90	2.468333	11822148	3647625	bt709	smpte432	30000/1001
IMG_5856.MOV	hevc	yuvj420p	1920	1440		2.935000	11542699	4234728	bt709	smpte432	30000/1001
IMG_5857.MOV	hevc	yuvj420p	1920	1440		2.035000	11569206	2942917	bt709	smpte432	30000/1001
IMG_5860.MOV	hevc	yuvj420p	1920	1440	-90	2.681667	11854721	3973802	bt709	smpte432	331/12
IMG_5861.MOV	hevc	yuvj420p	1920	1440	-90	2.463333	11629518	3580922	bt709	smpte432	331/12
IMG_5862.MOV	hevc	yuvj420p	1920	1440	-90	1.801667	19176626	4318737	bt709	smpte432	50/3
IMG_5863.MOV	hevc	yuvj420p	1920	1440	-90	1.450000	12374179	2242820	bt709	smpte432	60000/1001
IMG_5874.MOV	hevc	yuvj420p	1920	1440	-90	2.826667	11325046	4001517	bt709	smpte432	331/12
IMG_5888.MOV	hevc	yuv420p10le	1920	1080	-90	56.908345	8852401	62971937	arib-std-b67	bt2020	30/1
IMG_5896.MOV	hevc	yuvj420p	1920	1440	-90	2.000000	11554552	2888638	bt709	smpte432	30000/1001
IMG_5899.MOV	hevc	yuvj420p	1920	1440	-90	2.350000	11507462	3380317	bt709	smpte432	60000/1001
IMG_5937.MOV	hevc	yuvj420p	1920	1440	-90	1.871667	13509672	3160701	bt709	smpte432	359/12
IMG_5938.MOV	hevc	yuvj420p	1920	1440	-90	1.433333	13552758	2428202	bt709	smpte432	30000/1001
IMG_5939.MOV	hevc	yuvj420p	1920	1440	-90	1.900000	15966484	3792040	bt709	smpte432	30000/1001
IMG_5940.MOV	hevc	yuvj420p	1920	1440	-90	0.666667	19195562	1599631	bt709	smpte432	30/1
IMG_5941.MOV	hevc	yuvj420p	1920	1440	-90	0.905011	19502613	2206260	bt709	smpte432	150/1
IMG_5942.MOV	hevc	yuvj420p	1920	1440	-90	0.738333	12096395	1116396	bt709	smpte432	57/2
IMG_5943.MOV	hevc	yuvj420p	1920	1440	-90	1.068345	12415921	1658061	bt709	smpte432	73/3
IMG_5960.MOV	hevc	yuvj420p	1920	1440	-90	2.918333	11427956	4168823	bt709	smpte432	331/12
IMG_6121.MOV	hevc	yuv420p10le	1920	1080		19.650000	8807687	21633883	arib-std-b67	bt2020	30000/1001
IMG_6347.MOV	hevc	yuv420p10le	1920	1080	-90	33.061667	8760344	36203950	arib-std-b67	bt2020	30000/1001
IMG_6486.MOV	hevc	yuvj420p	1920	1440	-90	2.825011	12329396	4353835	bt709	smpte432	331/12
IMG_6535.MOV	hevc	yuvj420p	1920	1440	-90	1.986667	9175995	2278706	bt709	smpte432	65/3
IMG_6541.MOV	hevc	yuvj420p	1920	1440	-90	3.036667	16720537	6346838	bt709	smpte432	600/1
IMG_6542.MOV	hevc	yuvj420p	1920	1440	-90	1.803333	19154407	4317722	bt709	smpte432	50/3
IMG_6550.MOV	hevc	yuvj420p	1920	1440	-90	0.845011	12147486	1283095	bt709	smpte432	30/1
IMG_6586.MOV	hevc	yuvj420p	1920	1440	-90	1.895000	17652605	4181461	bt709	smpte432	46/3
IMG_6629.MOV	hevc	yuv420p10le	1920	1080	-90	136.548345	10246772	174897475	arib-std-b67	bt2020	30000/1001
IMG_6639.MOV	hevc	yuvj420p	1920	1440	-90	2.226667	18117755	5042776	bt709	smpte432	199/12
IMG_6640.MOV	hevc	yuvj420p	1920	1440		2.590000	17158384	5555027	bt709	smpte432	199/12
IMG_6641.MOV	hevc	yuvj420p	1920	1440		3.131667	17128666	6705160	bt709	smpte432	199/12
IMG_6642.MOV	hevc	yuvj420p	1920	1440		2.348333	3130619	918967	bt709	smpte432	199/12
IMG_6643.MOV	hevc	yuvj420p	1920	1440	-180	2.885011	18976548	6843444	bt709	smpte432	50/3
IMG_6644.MOV	hevc	yuvj420p	1920	1440	-180	1.985000	19149114	4751374	bt709	smpte432	199/12
IMG_7064.MP4	h264	yuv420p	320	320		3.318981	1632811	677409			22/1
IMG_7195.MOV	hevc	yuv420p10le	1920	1080	-90	18.215000	13226501	30115091	arib-std-b67	bt2020	30000/1001
IMG_7759.MOV	hevc	yuv420p10le	1920	1080		45.501678	8770265	49882724	arib-std-b67	bt2020	30/1
IMG_8092.MP4	hevc	yuv420p	1080	1920		8.823708	7657341	8445768	bt709	bt709	30/1
IMG_8105.MP4	hevc	yuv420p	1080	1920		3.019292	7462472	2816423	bt709	bt709	30/1
IMG_8244.MP4	hevc	yuv420p	1080	1920		29.892771	7963485	29756332	bt709	bt709	30/1
IMG_8254.MP4	hevc	yuv420p	1080	1920		22.214187	7708135	21403746	bt709	bt709	30/1
IMG_8325.MOV	hevc	yuv420p10le	1920	1080	-90	7.538345	8781802	8275032	arib-std-b67	bt2020	30000/1001
IMG_8487.MP4	hevc	yuv420p	1080	1920		63.455167	7833653	62135725	bt709	bt709	30/1
IMG_8543.MOV	hevc	yuv420p10le	1920	1080	-180	4.135011	9567945	4945445	arib-std-b67	bt2020	30000/1001
IMG_8544.MOV	hevc	yuv420p10le	1920	1080	-180	56.948333	8779335	62496063	arib-std-b67	bt2020	30000/1001
IMG_8545.MOV	hevc	yuv420p10le	1920	1080	-90	4.235000	14596225	7726877	arib-std-b67	bt2020	30000/1001
IMG_8546.MOV	hevc	yuv420p10le	1920	1080	-90	90.711667	8712113	98786292	arib-std-b67	bt2020	30000/1001
IMG_8547.MOV	hevc	yuv420p10le	1920	1080	-90	19.448345	8807782	21412098	arib-std-b67	bt2020	30000/1001
IMG_8548.MOV	hevc	yuv420p10le	1920	1080	-90	67.725000	6743445	57087478	arib-std-b67	bt2020	30000/1001
IMG_8549.MOV	hevc	yuv420p10le	1920	1080	90	1.733333	13496721	2924289	arib-std-b67	bt2020	30000/1001
IMG_8550.MOV	hevc	yuv420p10le	1920	1080	90	23.351678	8461372	24698406	arib-std-b67	bt2020	30000/1001
IMG_8551.MOV	hevc	yuv420p10le	1920	1080	90	74.750000	8782642	82062812	arib-std-b67	bt2020	30000/1001
IMG_8552.MOV	hevc	yuv420p10le	1920	1080	-90	19.496667	8819132	21492962	arib-std-b67	bt2020	30000/1001
IMG_8553.MOV	hevc	yuv420p10le	1920	1080	-90	1.735000	13791571	2991047	arib-std-b67	bt2020	30000/1001
IMG_8554.MOV	hevc	yuv420p10le	1920	1080	-90	53.845011	8757722	58944956	arib-std-b67	bt2020	30000/1001
IMG_8555.MOV	hevc	yuv420p10le	1920	1080	-90	17.946667	8564365	19212727	arib-std-b67	bt2020	30000/1001
IMG_8556.MOV	hevc	yuv420p10le	1920	1080	-90	11.075011	8697649	12040820	arib-std-b67	bt2020	30000/1001
IMG_8557.MOV	hevc	yuv420p10le	1920	1080	-90	70.593333	8754057	77247263	arib-std-b67	bt2020	30000/1001
IMG_8558.MOV	hevc	yuv420p10le	1920	1080	-90	52.876667	8728140	57689374	arib-std-b67	bt2020	30000/1001
IMG_9185.MOV	h264	yuvj420p	1920	1440	-90	2.511678	17116719	5373961	bt709	smpte432	239/12
IMG_9186.MOV	h264	yuvj420p	1920	1440	-90	2.460000	17595307	5410557	bt709	smpte432	239/12
IMG_9187.MOV	h264	yuvj420p	1920	1440	-90	2.200000	16749363	4606075	bt709	smpte432	119/6
IMG_9188.MOV	h264	yuvj420p	1920	1440	-90	2.200000	15088669	4149384	bt709	smpte432	600/1
